company,job_title,status,date_applied,deadline,type,contact_person,email,application_link,resume_link,location,time_posted,num_applicants,job_id
Deloitte,Machine Learning (ML) Engineer,Not Applied,,,Full-time,,accessiblecareers@deloitte.ca,https://www.linkedin.com/jobs/view/4211799317,,"Toronto, Ontario, Canada",1 week ago,46 applicants,4211799317
Stripe,"Machine Learning Engineer, Applied ML",Not Applied,,,Full-time,,,https://www.linkedin.com/jobs/view/4145177529,,"Toronto, Ontario, Canada",1 week ago,113 applicants,4145177529
Procore Technologies,Machine Learning Engineer,Not Applied,,,Full-time,our benefits team,,https://www.linkedin.com/jobs/view/4214686049,,"Toronto, Ontario, Canada",2 days ago,157 applicants,4214686049
Tiger Analytics,Machine Learning Engineer,Not Applied,,,Full-time,,,https://www.linkedin.com/jobs/view/4225394336,,"Toronto, Ontario, Canada",1 month ago,,4225394336
US Mobile,AI/ML Engineer (Toronto),Not Applied,,,Full-time,,,https://www.linkedin.com/jobs/view/4211048386,,"Toronto, Ontario, Canada",1 month ago,37 applicants,4211048386
Tim Hortons,"Machine Learning Engineer II, Tim Hortons",Not Applied,,,Full-time,,,https://www.linkedin.com/jobs/view/4230068455,,"Toronto, Ontario, Canada",2 days ago,186 applicants,4230068455
PermitFlow,"Machine Learning, Software Engineer (Remote)",Not Applied,,,Full-time,,,https://www.linkedin.com/jobs/view/4213014394,,"Toronto, Ontario, Canada",4 weeks ago,28 applicants,4213014394
DeepRec.ai,Machine Learning Engineer,Not Applied,,,Full-time,,,https://www.linkedin.com/jobs/view/4231548884,,"Toronto, Ontario, Canada",7 hours ago,71 applicants,4231548884
Stripe,"Machine Learning Engineer, Credit Risk",Not Applied,,,Full-time,,,https://www.linkedin.com/jobs/view/4191857309,,"Toronto, Ontario, Canada",6 days ago,52 applicants,4191857309
Fusemachines,Sr. Machine Learning Engineer,Not Applied,,,Contract,,,https://www.linkedin.com/jobs/view/4214089783,,"Toronto, Ontario, Canada",3 weeks ago,,4214089783
Manulife,Associate Machine Learning Engineer,Not Applied,,,Full-time,,recruitment@manulife.com.Primary,https://www.linkedin.com/jobs/view/4214886589,,"Toronto, Ontario, Canada",1 day ago,111 applicants,4214886589
Siena AI,AI Engineer,Not Applied,,,Full-time,,,https://www.linkedin.com/jobs/view/4213918952,,"Toronto, Ontario, Canada",3 weeks ago,,4213918952
owl.co,Senior Deep Learning Engineer,Not Applied,,,Full-time,,,https://www.linkedin.com/jobs/view/4225544138,,"Toronto, Ontario, Canada",1 month ago,25 applicants,4225544138
Autodesk,Machine Learning Developer- AI/ML Platform,Not Applied,,,Full-time,,,https://www.linkedin.com/jobs/view/4228708370,,"Toronto, Ontario, Canada",21 hours ago,,4228708370
GPTZero,Product Engineer (Entry-Level),Not Applied,,,Full-time,,,https://www.linkedin.com/jobs/view/4187796325,,"Toronto, Ontario, Canada",1 month ago,36 applicants,4187796325
Munich Re,Machine Learning Engineer,Not Applied,,,Full-time,,AODARequestHR@munichre.ca,https://www.linkedin.com/jobs/view/4219939396,,"Greater Toronto Area, Canada",2 weeks ago,45 applicants,4219939396
GPTZero,Machine Learning Engineer (Staff),Not Applied,,,Full-time,,,https://www.linkedin.com/jobs/view/4092758846,,"Toronto, Ontario, Canada",5 months ago,74 applicants,4092758846
Sobeys,Machine Learning Engineer,Not Applied,,,Full-time,,,https://www.linkedin.com/jobs/view/4228738930,,"Toronto, Ontario, Canada",16 hours ago,30 applicants,4228738930
ITjobs.ca,AI Engineer,Not Applied,,,Full-time,,PeopleHub@compass-canada.com,https://www.linkedin.com/jobs/view/4211275447,,"Toronto, Ontario, Canada",1 month ago,,4211275447
Randstad Digital,Artificial Intelligence Engineer,Not Applied,,,Contract,,,https://www.linkedin.com/jobs/view/4226560879,,"Toronto, Ontario, Canada",3 days ago,,4226560879
Roche,Data Engineer- AI/ML,Not Applied,,,Full-time,,,https://www.linkedin.com/jobs/view/4229658881,,"Mississauga, Ontario, Canada",2 days ago,113 applicants,4229658881
Grammarly,"Software Engineer, Machine Learning",Not Applied,,,Full-time,,,https://www.linkedin.com/jobs/view/4209894036,,"Toronto, Ontario, Canada",1 week ago,58 applicants,4209894036
Sanofi,Senior Machine Learning (ML) Engineer,Not Applied,,,Full-time,,,https://www.linkedin.com/jobs/view/4205654771,,"Toronto, Ontario, Canada",1 month ago,,4205654771
Koda Staff,MLOps Engineer,Not Applied,,,Full-time,,,https://www.linkedin.com/jobs/view/4191418236,,"Greater Toronto Area, Canada",1 month ago,25 applicants,4191418236
Autodesk,"Senior ML Engineer (Toronto, Hybrid / Remote)",Not Applied,,,Full-time,,,https://www.linkedin.com/jobs/view/4223228119,,"Toronto, Ontario, Canada",1 week ago,,4223228119
Loopio,MLOps Engineer,Not Applied,,,Full-time,,work@loopio.com,https://www.linkedin.com/jobs/view/4229148575,,"Toronto, Ontario, Canada",3 days ago,44 applicants,4229148575
DAC,Prompt Engineer,Not Applied,,,Full-time,,tacquisition@dacgroup.com,https://www.linkedin.com/jobs/view/4203184076,,"Toronto, Ontario, Canada",1 month ago,,4203184076
Stripe,"Software Engineer, Machine Learning Infrastructure",Not Applied,,,Full-time,,,https://www.linkedin.com/jobs/view/4146035808,,"Toronto, Ontario, Canada",1 week ago,53 applicants,4146035808
BMO,AI Engineer,Not Applied,,,Full-time,your recruiter,,https://www.linkedin.com/jobs/view/4222105523,,"Toronto, Ontario, Canada",1 week ago,39 applicants,4222105523
Vosyn,ML Engineer with Audio Processing Expertise (Speech-to-Speech Focus),Not Applied,,,Full-time,,,https://www.linkedin.com/jobs/view/4195740395,,"Etobicoke, Ontario, Canada",1 month ago,,4195740395
